"company_pk","creatio_website"
1333865,"emersya.com"
1312704,"emilystores.com"
1332451,"emerywebb.com"
1331201,"emesec.net"
1330189,"emeter.com"
1329978,"emetric.net"
2393690,"emex.com"
1345041,"emfassoc.com"
1323610,"emfluence.com"
1304600,"emgage.com"
1712493,"https://www.emgenex.com/"
1303559,"emglp.com"
1304198,"emida.net"
3479671,"emigrant.com"
1345936,"emikobeauty.com"
1339015,"emilabs.ai"
1343663,"emilcapital.org"
2042545,"emile-education.com"
1307437,"emiles.com"
1330498,"emiliohealth.com"
1308828,"emindful.com"
1305234,"emporion.com"
3480054,"emirecords.com"
1359423,"emisare.com"
1387464,"emis.com"
2702223,"emissary.ai"
1343659,"emissary.io"
1590826,"emitrr.com"
1303238,"emitwise.com"
1305950,"emix.com"
1585621,"emlen.io"
1344985,"emlight.com"
1353346,"emlogis.com"
1334115,"emma-app.com"
2105798,"emma.ca"
1322587,"emma.io"
2203583,"https://www.emma.ms"
1626310,"emme.com"
1572998,"emmersion.ai"
1354267,"emmersionlearning.com"
10659836,"https://www.emovid.com"
1349602,"emmisolutions.com"
1337077,"emmysorganics.com"
1311591,"emobus.com"
1314084,"emocha.com"
2393013,"emodoinc.com"
1338954,"emogi.com"
1328139,"emojobike.com"
1309981,"emolecules.com"
1339607,"emoneyadvisor.com"
4967964,"emonkonline.com"
4992208,"EmOpti.com"
1339395,"emortgagelogic.com"
1310354,"emoryco.com"
1310474,"investment.emory.edu"
1352377,"emoshape.com"
5794864,"emotech.ai"
1303300,"emotegames.co.uk"
1330226,"emotenow.com"
1352499,"emotient.com"
1316089,"emotiv.com"
1361022,"emotive.io"
1347844,"emotorsdirect.ca"
1329975,"emotorwerks.com"
1321313,"emovu.com"
1334613,"empathica.com"
7019273,"https://www.empathlabs.com/experiments"
1354599,"empath.net"
1325567,"empathy.co"
1336289,"empathy.com"
1357041,"empatica.com"
2802322,"empeon.com"
2686245,"empeq.co"
2792891,"emperiavr.com"
1318511,"emperitas.com"
4883130,"emphasishr.com"
2827768,"wbcommunity.empify.com"
1342592,"empinfo.com"
3481188,"empiramed.com"
1319417,"empireavenue.com"
5944723,"empireexpediting.com"
1342157,"empireflippers.com"
1309740,"empiresolargroup.com"
1326317,"empiresuite.com"
1358324,"empiricalhire.com"
1360857,"empirichealth.com"
1303343,"empirxhealth.com"
1308090,"emplay.net"
1342221,"emplify.com"
1338727,"employa.com"
1330206,"employance.com"
1341583,"employeecontinuum.com"
2158088,"employeecycle.com"
1312249,"employeeechannelinc.com"
1338792,"employeenavigator.com"
1324340,"employee-performance.com"
1339898,"employeepooling.com"
1306354,"employeereferrals.com"
1328460,"employeescreen.com"
2048825,"employerschoicescreening.com"
1394088,"https://employes.nl"
3481760,"https://www.employher.com"
1346321,"employinsight.com"
1311998,"employment-trust.com"
1947062,"employplan.com"
1309112,"employstream.com"
1324037,"employus.co"
1317786,"employyd.com"
1406256,"https://www.empohealth.com"
2013250,"emporiaenergy.com"
1323433,"emporix.com"
1314728,"emporos.net"
5823849,"empowch.com"
1362549,"empowerbpo.com"
5819371,"https://www.empower.delivery"
1312723,"empower.eco"
1334825,"empoweredbenefits.com"
3482049,"empoweredbuildings.com"
5650789,"empoweredschools.org"
1347857,"empoweredu.com"
7597247,"https://empowerhealth.ai/"
1361666,"empowerid.com"
1344843,"empower-interactive.com"
1316468,"empowerkit.com"
1347358,"empowerly.com"
1311463,"empower.md"
1358837,"empower.me"
1348617,"empowermx.com"
1357620,"empowerny.com"
1348633,"empowerrf.com"
1362311,"empowersoftware.com"
2687593,"empower-solar.com"
1765689,"empoweru.education"
1336810,"empowher.com"
1338719,"empowris.com"
3482479,"empresafone.com.br"
1341217,"empressmam.com"
1324435,"emproveit.com"
1303532,"emptor.io"
1363829,"emptoris.com"
1348335,"emptrust.com"
4992360,"Empty Cubicle, Inc."
1331940,"empxtrack.com"
1330917,"empyra.com"
1423640,"empyreallogistics.com"
1319500,"emreyes.com"
1317979,"emrit.io"
1779928,"emrod.energy"
1726531,"emscan.com"
1355356,"emscorporate.com"
1835511,"ems-inc.ca"
1354366,"emsinet.com"
1327072,"emspaymentsolutions.com"
1339307,"emsrelay.com"
1350950,"ems-works.com"
1355505,"emsystem.com"
1835874,"emtcompany.com"
3483015,"https://emtech.com/"
2431950,"emtelligent.com"
1350046,"emtrain.com"
1357044,"emtropylabs.com"
5012540,"https://emulait.com"
1328913,"emutechnology.com"
1350926,"emvitals.com"
1337290,"emworks.com"
1320238,"emx.com"
2163220,"emydex.com"
1336485,"enable.com"
1303047,"enablecomp.com"
1311515,"enabledental.com"
1334525,"enablemychild.com"
1361002,"enablesoft.com"
1317856,"enable.us"
1391152,"enabley.io"
1352170,"enablix.com"
1360887,"enablon.com"
1363393,"enacomm.net"
1944536,"enactor.co"
1335839,"enact-systems.com"
1309444,"enaible.io"
3483529,"https://www.enaimco.com"
1335057,"enalasys.com"
1335326,"enalito.com"
1349591,"enamics.com"
1345855,"enannysource.com"
2217182,"enarahealth.com"
3483653,"enate.io"
1322815,"enate.net"
1335219,"enbasesolutions.com"
1328897,"enboarder.com"
1344336,"endovantage.com"
1316500,"encamp.com"
5651281,"encantosbrands.com"
1618828,"encantosworld.com"
1329061,"encapsecurity.com"
1309624,"encaptiv.com"
1922101,"https://encapture.com"
1313080,"encast.gives"
1333158,"encepta.net"
1342104,"encentivenergy.com"
1359491,"enchanteddiamonds.com"
1316839,"encharge.io"
1348886,"encircleapp.com"
1309079,"encite.us"
1343826,"enclarity.com"
1328431,"encodedgenomics.com"
1317535,"encoda.com"
2015629,"encoded.com"
1331346,"encodegroup.com"
1305089,"encoding.com"
1315673,"encomia.com"
3484200,"encompass8.com"
1312246,"encompasscorporation.com"
1343293,"encompass-cx.com"
1337030,"encompys.com"
1995657,"encoord.com"
2734308,"encord.com"
1360273,"encore.ca"
3484340,"encorecapital.com"
1893117,"encoreconsulting.com"
2828033,"encore.dev"
1968615,"encorehc.com"
1348182,"encorehq.com"
1335745,"encoreinteractive.com"
1336288,"encore.io"
1326218,"encoremetrics.com"
2315667,"encoremusicians.com"
1326923,"encore.tech"
1342776,"encounterai.com"
1340714,"encounter.health"
1344732,"encounterpro.org"
3484573,"encrisp.com"
1345323,"encryptics.com"
2324906,"https://www.encuadrado.com/"
1357537,"end2end.net"
1353767,"endavomedia.com"
1348343,"endearhealth.com"
1322471,"endearhq.com"
1307436,"endeavoratlanta.org"
1304135,"endeavorcap.com"
3484719,"endeavorco.com"
1338842,"endeavorcommerce.com"
3484766,"endeavor.org"
1312178,"endeavourvision.com"
3484847,"endeit.com"
1307584,"endeit.nl"
1354540,"endera.com"
1321336,"ender.com"
1947451,"endevorllc.com"
1340789,"endgame.io"
1362148,"endlesswest.com"
1356562,"endor.com"
2166417,"endorphinz.net"
1327560,"endorsevent.com"
1363358,"endorsify.co"
1324980,"endosoft.com"
1347065,"endpointclinical.com"
5520840,"endpoint.com"
1322552,"endsecurity.com"
1313678,"endsight.net"
2827246,"https://www.endstate.io"
1360045,"enduranceinternational.com"
2781851,"enduringplanet.com"
1335227,"enduvo.com"
1341415,"endven.com"
1896726,"endvr.io"
3485485,"endwaste.io"
5566081,"endy.com"
1347155,"us.endysleep.com"
1322618,"eneba.com"
1320577,"enecsys.com"
2282727,"enee.io"
1517847,"enelx.com"
1716130,"enerbrain.com"
1332138,"enercon.de"
1330583,"enerex.com"
2732228,"enerflo.com"
1310930,"enerflo.io"
1490219,"https://www.energage.com"
1354115,"energateinc.com"
2810231,"energea.com"
1303585,"energent.com"
1318260,"energeticinsurance.com"
1336643,"energid.com"
1336340,"energiency.com"
1916131,"energiequelle.de"
1355294,"energi.us"
1345877,"energizer.com"
3486001,"energize.vc"
1305989,"energov.com"
1338449,"energyacuity.com"
1302596,"energybits.com"
1603215,"energybot.com"
1356404,"energybox.com"
1320615,"energycap.com"
1322759,"energycentral.com"
1363519,"energycircle.com"
1341705,"energyctrl.com"
1314958,"energycurb.com"
1320908,"energydatametrics.com"
1353125,"energydome.com"
2478861,"energyelephant.com"
1315434,"energyfoundry.com"
1322308,"energyhawk.com"
3486314,"energyhub.com"
1319714,"energyhub.net"
3486324,"energy-industries.com"
4992216,"Energy-Industries.com"
1344195,"energyinformatics.com"
1363550,"energyinnovations.com"
3486344,"energyiq.info"
4992274,"EnergyLink.com"
1336401,"energymarketexchange.com"
1352540,"energymetricsllc.com"
1314633,"energynavigator.com"
1341121,"energynpower.com"
1359380,"energyogre.com"
1312567,"energy-orbit.com"
2052683,"energypal.com"
1321690,"energyperformancemanagement.com"
1349344,"energyplanit.com"
1305011,"energypoints.com"
1307601,"energyprint.com"
1312874,"energyquote.com"
1322081,"energyrecommerce.com"
1701724,"energyrm.com"
1334428,"energysage.com"
1353370,"energysavvy.com"
1314725,"energy-solutions.com"
1349459,"energyspectrum.com"
1707266,"https://www.energysys.com/"
5783284,"energytexas.com"
1350555,"energytoolbase.com"
1336907,"energyware.com"
1358776,"energywatch-inc.com"
1521014,"energyweb.org"
1322013,"energyworx.com"
1352633,"energyxsolutions.com"
7112359,"ener-i.com"
1350018,"enerknol.com"
1362870,"enerpact.com"
1329732,"enerscore.com"
1321683,"enersight.com"
1311325,"enersion.com"
1347503,"enersis.ch"
1543732,"enersponse.com"
2171826,"https://www.enersyscorp.com/"
3486793,"enertechcapital.com"
1357569,"enertech.com"
1309181,"enertia-software.com"
1345893,"enertiv.com"
1360785,"enertouch.com"
1316965,"enertrac.com"
1956070,"enertrag.com"
1509690,"enervalis.com"
1323437,"enervee.com"
1332989,"enerwings.com"
1330367,"enerwise.com"
1332729,"enerworks.com"
2605978,"enestvedt.com"
1334668,"enevo.com"
1310709,"enflex.net"
1341721,"enflick.com"
1336501,"enfora.com"
1362437,"enforcive.com"
1463681,"enformion.com"
3487078,"enfos.com"
1338793,"enfs.com"
1355754,"enfucell.com"
1349149,"enfusion.us"
1302657,"engage10x.com"
1314631,"engage121.com"
1352190,"engage2serve.com"
1304215,"engage3.com"
3487130,"engageaba.com"
1312585,"engageadx.com"
1323715,"engagebay.com"
1304967,"engagebdr.com"
3487152,"engageboost.com"
2167885,"engagebycell.com"
1304821,"engageclick.com"
1336553,"engage.co"
1310968,"engage.com"
1359161,"engage.cx"
1324764,"engagedirectmail.com"
1308970,"engagedly.com"
16455344,"https://www.engagedmd.com/"
1334738,"engagednation.com"
1303364,"engageft.com"
2827886,"engagehears.com"
1314382,"engagehub.com"
3487251,"engageiq.co.uk"
1459952,"engagejeweler.com"
1323877,"engagely.ai"
1356280,"engage-m.com"
1359001,"engagementhealth.com"
1319397,"engagementmultiplier.com"
1348772,"engagenet.com"
1443024,"engagemobilize.com"
4992093,"engageonQ.com"
1339919,"engagepeople.com"
1356377,"engagepoint.com"
1324354,"engageprocess.com"
1333118,"engagesimply.com"
1327362,"engagetalent.com"
1351251,"engagetms.com"
2175039,"engagex.com"
1335599,"engageya.com"
1835023,"engageyourbiz.com"
1346117,"engagiant.com"
1302771,"engagifii.com"
1344749,"engagingnetworks.net"
1344272,"engagor.com"
1344981,"engajer.com"
1358977,"engati.com"
1342552,"engaugeinc.net"
1355271,"engaugemed.com"
2653208,"engflow.com"
3487826,"engi-mat.com"
1321782,"enginecommerce.com"
1503935,"engineears.com"
5566015,"enginegaming.com"
1521227,"enginegroup.com"
1982605,"engineius.co.uk"
1338659,"enginemediainc.com"
5923616,"https://engine.net/"
1304429,"engineroomgames.com"
1318997,"engineyard.com"
1339964,"enging.pt"
1355933,"englandco.com"
1321640,"englishcentral.com"
1335688,"englishhelper.com"
1321849,"englishlaundryfragrance.com"
1358176,"englishninjas.com"
1326399,"engooden.com"
1363399,"engrade.com"
1357977,"engrain.com"
1351759,"engrain.us"
1314700,"engworks.com"
1306742,"enhancedcapital.com"
1343653,"enhancedcaremd.com"
1363682,"enhancedmd.com"
2403959,"enhancedpay.com"
3488776,"enhancedretailsolutions.com"
1327909,"enhansoft.com"
1313429,"enhatch.com"
2489671,"enhelix.com"
1965372,"https://enhencer.com"
1359033,"enigma.io"
1329058,"enigmatec.com"
1360109,"enigmatic.com"
1345537,"enition.com"
6002403,"enjaysystems.com"
2827823,"enjoincdi.com"
1339039,"enjoius.com"
6915811,"enjoybball.com"
3489187,"https://www.enjoyboyi.com"
1339079,"enjoybloom.com"
3489210,"https://enjoyfrolic.com/"
1307380,"enjoypress.com"
1361380,"enjoyscout.com"
16984609,"https://www.enjoythebreeze.com"
1324191,"enjoythecity.com"
1363299,"enjoywishlist.com"
1321600,"enjoywurk.com"
2629137,"enkasahomes.com"
1346878,"enki.com"
1307503,"enkiconsulting.net"
2360687,"enklu.com"
1335031,"enkon.com"
1888275,"enlacehealth.com"
2504905,"enlightapp.co"
2073757,"enlistics.com"
1355172,"enlitic.com"
1338723,"enlivensoftware.com"
1316964,"enlizt.com"
1359297,"enloop.com"
1336921,"enlyft.com"
2711814,"https://enlythealth.com"
1349412,"enlyton.com"
2214844,"enmassenergy.com"
1325159,"enmetric.com"
1335215,"enmotus.com"
1895642,"ennabl.com"
1318357,"ennect.com"
1309572,"ennetix.com"
1345123,"en.ennov.com"
1352883,"ennoventure.com"
1344087,"ennoview.com"
1306154,"ennuityholdings.com"
1304510,"enocean.com"
6083797,"enode.com"
1314234,"enodoinc.com"
3489943,"enolink.com"
1311252,"enomaly.com"
1343302,"enosix.com"
1344012,"enotarylog.com"
5949877,"enotaryoncall.com"
1354130,"enote.com"
1318608,"enotes.com"
1306047,"enov8.com"
3490119,"enowsoftware.com"
1762693,"enpass.io"
3490165,"enphase.com"
1343708,"enphaseenergy.com"
1343760,"enplug.com"
1346066,"en-powered.com"
6032695,"enpowered.com"
1337925,"enprecis.com"
1758245,"enquire.ai"
1352600,"enquirelabs.com"
1315281,"enquiresolutions.com"
1326418,"enquisite.com"
1857461,"enquizit.com"
1325449,"enqwest.com"
1356888,"enrichedschools.com"
1355606,"enrichher.com"
6073205,"enrich.ly"
2416473,"enrichmycare.com"
3490383,"enrichscholars.com"
5933358,"https://www.enrollify.com/"
2593015,"enrollmentfuel.com"
1336603,"enrollmentresources.com"
3490453,"enrollmentrx.com"
2409273,"enrollsy.com"
2501431,"https://www.enroly.com"
1352111,"enrou.co"
3490475,"https://enroute.ai"
1315602,"enroute-computer.com"
1324798,"enroutecorp.com"
5356989,"ensagehealth.com"
1332599,"ensemblevideo.com"
1334849,"ensenta.com"
1311997,"ense.nyc"
1360182,"enseo.com"
1359340,"enservio.com"
1335763,"ensightcloud.com"
1339569,"ensighten.com"
7038186,"https://ensights.ai"
1361516,"ensim.com"
1302835,"ensocare.com"
1620768,"ensoconnect.com"
1345714,"ensodata.com"
1309382,"ensorings.com"
1359913,"enso.security"
1306407,"enspan.io"
1346536,"enspark.com"
3490902,"enspice.com"
1302987,"enspire.com"
4991889,"Enspire Commerce"
1332931,"enspire.me"
1322362,"enstoa.com"
1318618,"enstratus.com"
1343178,"ensu.com"
1332090,"ensuredr.com"
1337869,"ensurem.com"
1333296,"ensuretech.com"
1324242,"ensurian.com"
1325471,"entagen.com"
1332536,"entando.com"
1739203,"entaracorp.com"
1304942,"entech.com"
1331452,"entefy.com"
2533846,"entegral.com"
1356902,"entegratec.com"
1323896,"entelligent.com"
1352983,"entellium.com"
1307186,"entelo.com"
1323679,"entelos.com"
1311129,"entera.ai"
3491277,"enterbinary.com"
1349065,"entercastle.com"
6929218,"enter.de"
1327506,"enter.health"
1352409,"entermedicare.com"
1363800,"enterneverland.com"
1346761,"entero.com"
1312008,"enterpret.com"
1355744,"enterprisealumni.com"
1323037,"enterprisebot.ai"
1309763,"enterprise.com"
1314574,"enterprisedb.com"
1354417,"enterprisehealth.com"
1361984,"enterprisehive.com"
1333886,"enterprise-ireland.com"
1359038,"enterpriselogistics.com"
5650782,"enterprisepub.biz"
1320858,"enterprisesignal.com"
2091954,"enterprisetraining.com"
1347370,"enterprisewizard.com"
1351812,"enterpriseweb.com"
1338544,"enterpryze.com"
1328499,"enterrasolutions.com"
1321348,"entersekt.com"
1319453,"entersysgroup.com"
1342158,"enteye.com"
2100333,"enthalpyinsights.com"
3491816,"https://www.enthea.com"
1340450,"enthought.com"
1350705,"enthrallsports.com"
2298988,"https://enthu.com"
1305770,"enthuse.com"
1316278,"enthusem.com"
1345457,"enticelabs.com"
1308755,"enticusa.com"
1347714,"entiera.com"
1304307,"entigral.com"
1312667,"entitlebooks.com"
5881309,"entitle.io"
1322965,"entocycle.com"
1361048,"entomo.com"
1303018,"entouchcontrols.com"
1350317,"entradahealth.com"
1402716,"entranceconsulting.com"
1360299,"entrancesoftware.com"
1311757,"entrapharma.com"
1319606,"entreda.com"
1331571,"entrepidus.com"
3492265,"entrepreneurpartners.com"
1308843,"entrepreneursfund.com"
3492350,"entreprenista.com"
1423070,"entribe.com"
1349868,"entrigna.com"
5565958,"entrigueconsulting.com"
3492427,"entrinsicbioscience.com"
1358660,"entrinsik.com"
5865692,"entrio.io"
1315324,"entromy.com"
1305369,"entronix.io"
1307834,"entropiktech.com"
1336725,"entropix.com"
1330164,"entrupy.com"
1335954,"entrustbankcard.com"
1314184,"entrustcapital.com"
1315800,"entrust.com"
1323588,"entrustet.com"
1308956,"entry.com"
1355476,"entryless.com"
1315377,"entrypointvr.com"
1320282,"entuity.com"
1359271,"entytle.com"
1305915,"enuit.com"
1314447,"enuma.com"
1351356,"enumerate.com"
1313163,"enurgi.com"
1317470,"env0.com"
1314197,"envairo.com"
1358243,"envapower.com"
1740015,"envarahealth.com"
1473026,"envasetechnologies.com"
3492759,"enveedo.com"
1316908,"enveil.com"
1341453,"envel.ai"
2309506,"envelio.com"
1333388,"envelio.de"
1346154,"envelope.city"
1335623,"enveloprisk.com"
1354262,"envelopvr.com"
1345610,"envenio.com"
2037898,"enventive.com"
1315345,"enverid.com"
1354855,"enverity.com"
1350191,"envestnet.com"
1353224,"enveyo.com"
1331642,"enviance.com"
1354798,"envi.com"
1306842,"enview.com"
1345506,"envio360.com"
1992823,"enviosystems.com"
1359221,"enviromedica.com"
1337819,"environicsanalytics.ca"
3493107,"environicsanalytics.com"
1325803,"environmax.com"
1351640,"environmental-finance.com"
4992109,"EnvironmentalLights.com"
1304537,"environmentiq.com"
2750098,"environments.tech"
2771799,"envirosparkenergy.com"
1336700,"envirotower.com"
1311144,"envisagenics.com"
1363663,"envisagenow.com"
1328704,"envisageny.com"
1334872,"envisio.com"
1316212,"envision2bwell.io"
2056482,"envision.app"
5976815,"envision-ent.co"
1576583,"envisionesl.com"
2354111,"envisionhorizons.com"
1335947,"envisioninc.com"
1362688,"envisionsolar.com"
1310507,"envisiontel.com"
1331597,"envisionware.com"
1305937,"envista.com"
1362402,"envistacom.com"
1363765,"envistacorp.com"
1352581,"envivio.com"
1329188,"envizzo.com"
1335256,"envoke.com"
2274109,"https://envolstrategies.com/"
1310136,"envopap.com"
1339911,"envoyamerica.com"
1313927,"envoyb2b.com"
2392251,"envoy.com"
2014332,"envoyglobal.com"
1391791,"envoy.is"
1305534,"envoythere.com"
1341650,"envysion.com"
1307123,"enwisen.com"
2337575,"https://www.enwoven.com"
3493833,"enxchange.io"
1337501,"enyx.com"
1999383,"enzinc.com"
1310937,"enzoic.com"
1321608,"enzooliveoil.com"
1343616,"enzuzo.com"
1358800,"enzyme.com"
1361341,"eobgame.com"
1310962,"eocp.com"
2115770,"eola.co"
3494198,"eomega.org"
1304748,"eonapplications.com"
1363321,"eonetwork.org"
1327683,"eongroup.co"
1322446,"eonhealth.com"
2255055,"eonmedia.ai"
1331271,"eonreality.com"
1317560,"eons.com"
3494303,"eonsolutions.io"
1319538,"eonx.com"
1736799,"eoplex.com"
1338525,"eoproducts.com"
1329582,"eoptimize.com"
1358306,"eoscene.com"
1346772,"eos.com"
1347128,"eossoftware.com"
1354077,"eostar.com"
2476758,"eovolt.com"
1323791,"eoxs.com"
1576489,"eoxvantage.com"
1323955,"epacflexibles.com"
1304530,"epactnetwork.com"
1331579,"epacube.com"
1310061,"epages.com"
1318896,"epal.gg"
1337821,"epallet.com"
1318301,"epalscorp.com"
1354746,"epantry.com"
1304958,"epartrade.com"
1341478,"epartsservices.com"
1330263,"epathlearning.com"
1329997,"epatientfinder.com"
1312843,"epayhealthcare.com"
1321664,"epaylater.in"
1342114,"epaypolicy.com"
1306016,"epayrails.com"
3494751,"epaysystems.com"
4992078,"EpaySystems.com"
1327306,"epcsolutions.com"
1312972,"epctoday.com"
5566149,"epdrivers.com"
2335709,"e-peas.com"
1355644,"epfunds.com"
1314618,"ephapparel.com"
4992181,"ePharmaSolutions.com"
1843492,"ephemeral.tattoo"
1326590,"ephemeraltattoos.com"
1312168,"ephesoft.com"
1341015,"epibiome.com"
1358007,"epica.ai"
1311026,"epicadvertising.com"
1362838,"epicbrands.io"
1466180,"epiccleantec.com"
1365287,"epic.com"
1356847,"epicdental.com"
1310925,"epicenter.eu"
1315865,"epicenter.net"
1311285,"epicgames.com"
3495382,"epicgolfclub.com"
1344250,"epichem.com.au"
1415367,"epickitchens.com"
1320458,"epicmachines.com"
1308981,"epic.md"
1305063,"epicosity.com"
1319707,"epicpartnersllc.com"
1321402,"epicpay.com"
1334878,"epicplayground.com"
1361390,"epiphanylearning.com"
1338480,"epicrealm.com"
1313271,"epicriver.com"
1334193,"app.epics.gg"
3495603,"epic-soft.com"
3495621,"epicstorymedia.com"
1313705,"epicsystems.com"
1894137,"epicured.com"
1327712,"epicvue.com"
1356071,"epifinder.com"
1338114,"epignosishq.com"
1664715,"epigraph.us"
1350656,"epihub.com"
1332676,"epik.com"
1358424,"epill.com"
1363125,"epinium.com"
1334659,"epionet.com"
1344174,"epionhealth.com"
1316318,"epiphan.com"
3495905,"epiphanyai.com"
1361773,"epiphanycapital.co.uk"
1317481,"epiphanyhealthdata.com"
1353735,"epiphanyinc.net"
1353423,"epiphanysys.com"
1326167,"epiphyte.com"
1349760,"epiqsolutions.com"
1326119,"epiqtech.com"
1323559,"beta.episcale.com"
1371876,"epishine.com"
1354229,"episodesix.com"
1339862,"episource.com"
2328268,"epistemic.ai"
2373677,"epistemix.com"
1360673,"epitracker.com"
1359856,"epiuselabs.com"
1346547,"epiwatch.com"
3496147,"epix.com"
1363131,"epixhd.com"
1341737,"eplane.com"
3496184,"eplanetcapital.com"
5565930,"secure.eplanservices401k.com"
1325811,"eplanservices.com"
1323320,"eplansoft.com"
1305181,"eplexity.com"
2128180,"epochapp.com"
1354516,"epocrates.com"
1322601,"epodsolar.com"
1318806,"epollresearch.com"
1328852,"eponymous.co"
2043680,"epoppay.com"
1347284,"eporta.com"
1359899,"eportation.com"
1324972,"eposnow.com"
1337237,"epostglobalshipping.com"
1339507,"epowerdoc.com"
1654502,"epoxy.ai"
1360322,"epoxy.tv"
2615511,"eppione.com"
1307722,"eppointmentplus.com"
2827887,"epremium.com"
1358637,"eprentise.com"
1310541,"epreop.com"
1331067,"eprep.com"
1311226,"eprimeglobal.com"
1341106,"eprize.com"
1353098,"eprocessingnetwork.com"
1323127,"e-procurement.com"
4992072,"eProf.com"
1333622,"eproject.com"
1323366,"epromis.com"
2165335,"epropertycare.com"
4992441,"ePropertySites.com"
1725793,"eprosvcs.com"
1309985,"eprotex.com"
1688424,"epscorp.com"
2793112,"epsenergy.com"
1331928,"www2.epsfinancial.net"
1326479,"epsilo.io"
2046482,"https://www.epsilon3.io/"
3496907,"epsilon.com"
1339601,"epsilon-imaging.com"
1346963,"epsoak.com"
1306207,"epsoftinc.com"
1363270,"epsolutions.com"
2828047,"eps-one.com"
1322514,"epsor.fr"
1360346,"e-psychiatry.com"
1309947,"eptco.com"
3497128,"epublishing.com"
1350031,"epulze.com"
1330739,"epuramat.com"
1316969,"epush.com"
1303732,"epx.com"
1333960,"eq2.com"
1595664,"eq2llc.com"
2705034,"eqbrh.com"
1315591,"eqentia.com"
1349583,"eqhs.org"
1341262,"public.eqis.com"
1361718,"eqiss.com"
2497807,"eql.ai"
2667797,"eqlfinance.com"
1363123,"eqo.com"
1359055,"eqol.ca"
1338845,"eqos.com"
1338251,"eqt.de"
1335573,"eqtainment.com"
2287255,"eqtble.com"
1324295,"eq-technologic.com"
3497397,"eqtgroup.com"
1357734,"equ8.com"
2704710,"equabli.com"
1363207,"equadose.com"
1333637,"equalexchange.coop"
3497475,"equalityassetmanagement.com"
2428712,"equallevel.com"
2773480,"equally.ai"
3497552,"equals.app"
1343598,"equalparts.com"
1328650,"equals3.ai"
1331279,"equalum.io"
1310579,"equalweb.com"
1335065,"rizm.equametrics.com"
1362241,"equassure.com"
1334938,"equastart.io"
1344618,"equator.com"
1346190,"equential.com"
1362720,"equest.com"
3497716,"equian.com"
1360867,"equicarehealth.com"
2006474,"equi.com"
1322325,"equidateinc.com"
2798952,"equideum.health"
1303535,"equifax.com"
1346871,"equifax.com.au"
1331615,"equifyauctions.com"
5976421,"equii.com"
1313124,"equilar.com"
1338569,"equilibrium.net"
1336129,"equinix.com"
3497963,"equinox.com"
1349354,"equinoxintbrands.com"
1359669,"equinoxis.com"
1363414,"equinus.com"
1318049,"equipatron.com"
1363712,"equipboard.com"
1363734,"equip.health"
2120203,"equipifi.com"
1342792,"equipmentshare.com"
1357233,"equipo.io"
2369784,"equippo.com"
1314393,"equiprent.com"
1320914,"equips.com"
1318919,"equis.com"
1321708,"equiscript.com"
3498309,"equita.eu"
1338957,"equitieslab.com"
1331567,"equitus.us"
1349806,"equitybee.com"
1819639,"equitydatascience.com"
3498439,"equityfd.com"
1312684,"equitymethods.com"
1320293,"equitymetrix.com"
1311498,"equitymultiple.com"
1308663,"equitynet.com"
1318052,"equityroots.com"
2828094,"equityshift.com"
1353692,"equitysim.com"
1346304,"equityzen.com"
2702066,"equivahealth.com"
2274226,"equiwatt.com"
1314829,"equorum.com"
1318904,"equusoft.com"
1309495,"eqvitec.com"
1340334,"eracent.com"
6907958,"eraclimate.com"
1305658,"erado.com"
1335770,"era-environmental.com"
1347466,"eraorganics.com"
1337628,"erated.co"
1313462,"erbaviva.com"
1324260,"erbolario.com"
1314158,"ercdataplus.com"
1349763,"erecruit.com"
1345055,"erei.com"
1328301,"erelevancecorp.com"
1345423,"erepublik.com"
1313147,"eresourcelink.com"
1327917,"erevmax.com"
1303400,"erevolutionventures.com"
1814247,"e-rewards.com"
1305137,"erewards.com"
1321969,"erexpress.com"
2678036,"erezlife.com"
1337164,"ergatta.com"
1357338,"ergeon.com"
1339156,"ergoactives.com"
4985854,"ergo-fit.de"
3499513,"https://ergomotion.com"
10113853,"https://www.ergooffers.com"
3499575,"ergos.com"
1326243,"erg-usa.com"
2365480,"ericksenkrentel.com"
1839336,"ericksonseniorliving.com"
1313784,"ericom.com"
1320120,"eride-inc.com"
1356614,"eriecommunityfoundation.org"
1345027,"erie-insurance.com"
1321694,"erieinsurance.com"
2201007,"erinapp.com"
1340230,"erium.de"
1346339,"erm365.com"
1328495,"ermeo.com"
1335213,"ermetic.com"
